[
{
   "model": "quiz.exam",
   "pk": 1,
   "fields": {
      "create_timestamp": "2022-11-15T00:14:20.819Z",
      "update_timestamp": "2022-11-15T00:14:20.819Z",
      "uuid": "cd967e48-8358-4b69-99e6-916df3f9110c",
      "title": "Math",
      "description": "Simple math test",
      "level": 0
   }
},
{
   "model": "quiz.exam",
   "pk": 2,
   "fields": {
      "create_timestamp": "2022-11-22T14:07:31.884Z",
      "update_timestamp": "2022-11-22T14:50:04.521Z",
      "uuid": "92f932ab-4f6e-46d5-8a3a-ca5dc284250e",
      "title": "History",
      "description": "Interesting history test",
      "level": 0
   }
},
{
   "model": "quiz.exam",
   "pk": 3,
   "fields": {
      "create_timestamp": "2022-11-22T15:16:39.394Z",
      "update_timestamp": "2022-11-22T15:16:39.394Z",
      "uuid": "8fcc6765-c7f6-4cd9-bd31-3674833760ef",
      "title": "Film",
      "description": "Interesting film quiz",
      "level": 0
   }
},
{
   "model": "quiz.question",
   "pk": 1,
   "fields": {
      "create_timestamp": "2022-11-15T00:14:42.348Z",
      "update_timestamp": "2022-11-15T00:14:42.348Z",
      "exam": 1,
      "order_num": 1,
      "text": "2 + 2 = ?",
      "image": ""
   }
},
{
   "model": "quiz.question",
   "pk": 2,
   "fields": {
      "create_timestamp": "2022-11-15T00:14:59.237Z",
      "update_timestamp": "2022-11-15T00:14:59.237Z",
      "exam": 1,
      "order_num": 2,
      "text": "3 + 3 = ?",
      "image": ""
   }
},
{
   "model": "quiz.question",
   "pk": 3,
   "fields": {
      "create_timestamp": "2022-11-15T00:15:14.379Z",
      "update_timestamp": "2022-11-15T00:15:14.379Z",
      "exam": 1,
      "order_num": 3,
      "text": "2 + 2 / 2 = ?",
      "image": ""
   }
},
{
   "model": "quiz.question",
   "pk": 4,
   "fields": {
      "create_timestamp": "2022-11-22T14:07:31.885Z",
      "update_timestamp": "2022-11-22T14:44:24.119Z",
      "exam": 2,
      "order_num": 1,
      "text": "What was the shortest war in human history?",
      "image": ""
   }
},
{
   "model": "quiz.question",
   "pk": 5,
   "fields": {
      "create_timestamp": "2022-11-22T14:07:31.885Z",
      "update_timestamp": "2022-11-22T14:45:56.888Z",
      "exam": 2,
      "order_num": 2,
      "text": "How long did the war between England and Zanzibar last?",
      "image": ""
   }
},
{
   "model": "quiz.question",
   "pk": 6,
   "fields": {
      "create_timestamp": "2022-11-22T14:07:31.886Z",
      "update_timestamp": "2022-11-22T14:46:36.188Z",
      "exam": 2,
      "order_num": 3,
      "text": "How many years did the 100 years war last?",
      "image": ""
   }
},
{
   "model": "quiz.question",
   "pk": 7,
   "fields": {
      "create_timestamp": "2022-11-22T14:50:04.521Z",
      "update_timestamp": "2022-11-22T14:58:34.252Z",
      "exam": 2,
      "order_num": 4,
      "text": "In which year was John F. Kennedy assassinated?",
      "image": ""
   }
},
{
   "model": "quiz.question",
   "pk": 8,
   "fields": {
      "create_timestamp": "2022-11-22T14:50:04.522Z",
      "update_timestamp": "2022-11-22T14:57:15.560Z",
      "exam": 2,
      "order_num": 5,
      "text": "One of the ancient world wonders, the “Hanging Gardens,” was found in which city?",
      "image": ""
   }
},
{
   "model": "quiz.question",
   "pk": 9,
   "fields": {
      "create_timestamp": "2022-11-22T14:50:04.522Z",
      "update_timestamp": "2022-11-22T14:56:10.880Z",
      "exam": 2,
      "order_num": 6,
      "text": "Greenland was a colony of which country until 1981?",
      "image": ""
   }
},
{
   "model": "quiz.question",
   "pk": 10,
   "fields": {
      "create_timestamp": "2022-11-22T14:50:04.522Z",
      "update_timestamp": "2022-11-22T14:55:48.260Z",
      "exam": 2,
      "order_num": 7,
      "text": "Which organization was awarded the Nobel Peace Prize in 1917?",
      "image": ""
   }
},
{
   "model": "quiz.question",
   "pk": 11,
   "fields": {
      "create_timestamp": "2022-11-22T14:50:04.523Z",
      "update_timestamp": "2022-11-22T14:53:00.589Z",
      "exam": 2,
      "order_num": 8,
      "text": "Which Greek historian is known as the “Father of History”?",
      "image": ""
   }
},
{
   "model": "quiz.question",
   "pk": 12,
   "fields": {
      "create_timestamp": "2022-11-22T14:50:04.523Z",
      "update_timestamp": "2022-11-22T14:51:27.404Z",
      "exam": 2,
      "order_num": 9,
      "text": "Where were the first modern Olympics held?",
      "image": ""
   }
},
{
   "model": "quiz.question",
   "pk": 13,
   "fields": {
      "create_timestamp": "2022-11-22T14:50:04.523Z",
      "update_timestamp": "2022-11-22T14:50:29.439Z",
      "exam": 2,
      "order_num": 10,
      "text": "The ancient city of Rome was built on how many hills?",
      "image": ""
   }
},
{
   "model": "quiz.question",
   "pk": 14,
   "fields": {
      "create_timestamp": "2022-11-22T15:16:39.394Z",
      "update_timestamp": "2022-11-22T15:34:52.485Z",
      "exam": 3,
      "order_num": 1,
      "text": "What 1994 crime film revitalized John Travolta's career?",
      "image": ""
   }
},
{
   "model": "quiz.question",
   "pk": 15,
   "fields": {
      "create_timestamp": "2022-11-22T15:16:39.395Z",
      "update_timestamp": "2022-11-22T15:33:26.161Z",
      "exam": 3,
      "order_num": 2,
      "text": "In which movie can we meet Tyler Durden?",
      "image": ""
   }
},
{
   "model": "quiz.question",
   "pk": 16,
   "fields": {
      "create_timestamp": "2022-11-22T15:16:39.395Z",
      "update_timestamp": "2022-11-22T15:31:58.747Z",
      "exam": 3,
      "order_num": 3,
      "text": "Which actor won an Oscar for Inglorious Basterds?",
      "image": ""
   }
},
{
   "model": "quiz.question",
   "pk": 17,
   "fields": {
      "create_timestamp": "2022-11-22T15:16:39.395Z",
      "update_timestamp": "2022-11-22T15:29:23.994Z",
      "exam": 3,
      "order_num": 4,
      "text": "Which director made the film Inglourious Basterds?",
      "image": ""
   }
},
{
   "model": "quiz.question",
   "pk": 18,
   "fields": {
      "create_timestamp": "2022-11-22T15:16:39.395Z",
      "update_timestamp": "2022-11-22T15:27:32.678Z",
      "exam": 3,
      "order_num": 5,
      "text": "Mark the 4 most grossing films for today?",
      "image": ""
   }
},
{
   "model": "quiz.question",
   "pk": 19,
   "fields": {
      "create_timestamp": "2022-11-22T15:16:39.395Z",
      "update_timestamp": "2022-11-22T15:23:30.384Z",
      "exam": 3,
      "order_num": 6,
      "text": "Choose a movie that is a prequel to Alien 1979?",
      "image": ""
   }
},
{
   "model": "quiz.question",
   "pk": 20,
   "fields": {
      "create_timestamp": "2022-11-22T15:16:39.396Z",
      "update_timestamp": "2022-11-22T15:22:37.986Z",
      "exam": 3,
      "order_num": 7,
      "text": "How many Oscars does Walt Disney have?",
      "image": ""
   }
},
{
   "model": "quiz.question",
   "pk": 21,
   "fields": {
      "create_timestamp": "2022-11-22T15:16:39.396Z",
      "update_timestamp": "2022-11-22T15:22:15.619Z",
      "exam": 3,
      "order_num": 8,
      "text": "Which Actors have the most Oscars today in the nomination \"Best Actor (Actress)\"?",
      "image": ""
   }
},
{
   "model": "quiz.question",
   "pk": 22,
   "fields": {
      "create_timestamp": "2022-11-22T15:16:39.396Z",
      "update_timestamp": "2022-11-22T15:19:19.738Z",
      "exam": 3,
      "order_num": 9,
      "text": "In which film can you hear the following words: \"“I did not hit her, it’s not true! It’s bullshit! I did not hit her! I did not! Oh hi, Mark.”\"?",
      "image": ""
   }
},
{
   "model": "quiz.question",
   "pk": 23,
   "fields": {
      "create_timestamp": "2022-11-22T15:16:39.396Z",
      "update_timestamp": "2022-11-22T15:17:58.544Z",
      "exam": 3,
      "order_num": 10,
      "text": "The most famous Maniac in modern history of cinema?",
      "image": ""
   }
},
{
   "model": "quiz.choice",
   "pk": 2,
   "fields": {
      "create_timestamp": "2022-11-15T00:16:07.786Z",
      "update_timestamp": "2022-11-15T00:16:07.786Z",
      "question": 1,
      "text": "5",
      "is_correct": false
   }
},
{
   "model": "quiz.choice",
   "pk": 3,
   "fields": {
      "create_timestamp": "2022-11-15T00:16:12.770Z",
      "update_timestamp": "2022-11-15T00:16:12.770Z",
      "question": 1,
      "text": "17",
      "is_correct": false
   }
},
{
   "model": "quiz.choice",
   "pk": 4,
   "fields": {
      "create_timestamp": "2022-11-15T00:16:28.978Z",
      "update_timestamp": "2022-11-15T00:16:28.978Z",
      "question": 1,
      "text": "4",
      "is_correct": true
   }
},
{
   "model": "quiz.choice",
   "pk": 5,
   "fields": {
      "create_timestamp": "2022-11-22T14:44:24.120Z",
      "update_timestamp": "2022-11-22T14:44:24.120Z",
      "question": 4,
      "text": "Anglo-Zanzibar war",
      "is_correct": true
   }
},
{
   "model": "quiz.choice",
   "pk": 6,
   "fields": {
      "create_timestamp": "2022-11-22T14:44:24.121Z",
      "update_timestamp": "2022-11-22T14:44:24.121Z",
      "question": 4,
      "text": "WW II",
      "is_correct": false
   }
},
{
   "model": "quiz.choice",
   "pk": 7,
   "fields": {
      "create_timestamp": "2022-11-22T14:44:24.121Z",
      "update_timestamp": "2022-11-22T14:44:24.121Z",
      "question": 4,
      "text": "WW I",
      "is_correct": false
   }
},
{
   "model": "quiz.choice",
   "pk": 8,
   "fields": {
      "create_timestamp": "2022-11-22T14:44:24.121Z",
      "update_timestamp": "2022-11-22T14:44:24.121Z",
      "question": 4,
      "text": "No correct answers",
      "is_correct": false
   }
},
{
   "model": "quiz.choice",
   "pk": 9,
   "fields": {
      "create_timestamp": "2022-11-22T14:45:56.889Z",
      "update_timestamp": "2022-11-22T14:45:56.889Z",
      "question": 5,
      "text": "Around 45 minutes",
      "is_correct": true
   }
},
{
   "model": "quiz.choice",
   "pk": 10,
   "fields": {
      "create_timestamp": "2022-11-22T14:45:56.889Z",
      "update_timestamp": "2022-11-22T14:45:56.889Z",
      "question": 5,
      "text": "10 hours",
      "is_correct": false
   }
},
{
   "model": "quiz.choice",
   "pk": 11,
   "fields": {
      "create_timestamp": "2022-11-22T14:45:56.889Z",
      "update_timestamp": "2022-11-22T14:45:56.889Z",
      "question": 5,
      "text": "2 days",
      "is_correct": false
   }
},
{
   "model": "quiz.choice",
   "pk": 12,
   "fields": {
      "create_timestamp": "2022-11-22T14:45:56.889Z",
      "update_timestamp": "2022-11-22T14:45:56.889Z",
      "question": 5,
      "text": "100 seconds",
      "is_correct": false
   }
},
{
   "model": "quiz.choice",
   "pk": 13,
   "fields": {
      "create_timestamp": "2022-11-22T14:46:36.189Z",
      "update_timestamp": "2022-11-22T14:46:36.189Z",
      "question": 6,
      "text": "100 years",
      "is_correct": false
   }
},
{
   "model": "quiz.choice",
   "pk": 14,
   "fields": {
      "create_timestamp": "2022-11-22T14:46:36.189Z",
      "update_timestamp": "2022-11-22T14:46:36.189Z",
      "question": 6,
      "text": "99 years",
      "is_correct": false
   }
},
{
   "model": "quiz.choice",
   "pk": 15,
   "fields": {
      "create_timestamp": "2022-11-22T14:46:36.189Z",
      "update_timestamp": "2022-11-22T14:46:36.189Z",
      "question": 6,
      "text": "199 years",
      "is_correct": false
   }
},
{
   "model": "quiz.choice",
   "pk": 16,
   "fields": {
      "create_timestamp": "2022-11-22T14:46:36.190Z",
      "update_timestamp": "2022-11-22T14:46:36.190Z",
      "question": 6,
      "text": "116 years",
      "is_correct": true
   }
},
{
   "model": "quiz.choice",
   "pk": 17,
   "fields": {
      "create_timestamp": "2022-11-22T14:50:29.440Z",
      "update_timestamp": "2022-11-22T14:50:29.440Z",
      "question": 13,
      "text": "11",
      "is_correct": false
   }
},
{
   "model": "quiz.choice",
   "pk": 18,
   "fields": {
      "create_timestamp": "2022-11-22T14:50:29.440Z",
      "update_timestamp": "2022-11-22T14:50:29.440Z",
      "question": 13,
      "text": "24",
      "is_correct": false
   }
},
{
   "model": "quiz.choice",
   "pk": 19,
   "fields": {
      "create_timestamp": "2022-11-22T14:50:29.440Z",
      "update_timestamp": "2022-11-22T14:50:29.440Z",
      "question": 13,
      "text": "7",
      "is_correct": true
   }
},
{
   "model": "quiz.choice",
   "pk": 20,
   "fields": {
      "create_timestamp": "2022-11-22T14:50:29.441Z",
      "update_timestamp": "2022-11-22T14:50:29.441Z",
      "question": 13,
      "text": "2",
      "is_correct": false
   }
},
{
   "model": "quiz.choice",
   "pk": 21,
   "fields": {
      "create_timestamp": "2022-11-22T14:51:27.405Z",
      "update_timestamp": "2022-11-22T14:51:27.405Z",
      "question": 12,
      "text": "Rome, Italy, 1896",
      "is_correct": false
   }
},
{
   "model": "quiz.choice",
   "pk": 22,
   "fields": {
      "create_timestamp": "2022-11-22T14:51:27.405Z",
      "update_timestamp": "2022-11-22T14:51:27.405Z",
      "question": 12,
      "text": "Athens, Greece, 1896",
      "is_correct": true
   }
},
{
   "model": "quiz.choice",
   "pk": 23,
   "fields": {
      "create_timestamp": "2022-11-22T14:51:27.406Z",
      "update_timestamp": "2022-11-22T14:51:27.406Z",
      "question": 12,
      "text": "Rome, Italy, 1892",
      "is_correct": false
   }
},
{
   "model": "quiz.choice",
   "pk": 24,
   "fields": {
      "create_timestamp": "2022-11-22T14:51:27.406Z",
      "update_timestamp": "2022-11-22T14:51:27.406Z",
      "question": 12,
      "text": "Athens, Greece, 1892",
      "is_correct": false
   }
},
{
   "model": "quiz.choice",
   "pk": 25,
   "fields": {
      "create_timestamp": "2022-11-22T14:53:00.589Z",
      "update_timestamp": "2022-11-22T14:53:00.589Z",
      "question": 11,
      "text": "Herodotus",
      "is_correct": true
   }
},
{
   "model": "quiz.choice",
   "pk": 26,
   "fields": {
      "create_timestamp": "2022-11-22T14:53:00.590Z",
      "update_timestamp": "2022-11-22T14:53:00.590Z",
      "question": 11,
      "text": "Achilles",
      "is_correct": false
   }
},
{
   "model": "quiz.choice",
   "pk": 27,
   "fields": {
      "create_timestamp": "2022-11-22T14:53:00.590Z",
      "update_timestamp": "2022-11-22T14:53:00.590Z",
      "question": 11,
      "text": "Pontius Pilate",
      "is_correct": false
   }
},
{
   "model": "quiz.choice",
   "pk": 28,
   "fields": {
      "create_timestamp": "2022-11-22T14:53:00.590Z",
      "update_timestamp": "2022-11-22T14:53:00.590Z",
      "question": 11,
      "text": "Dante Alligieri",
      "is_correct": false
   }
},
{
   "model": "quiz.choice",
   "pk": 29,
   "fields": {
      "create_timestamp": "2022-11-22T14:55:48.261Z",
      "update_timestamp": "2022-11-22T14:55:48.261Z",
      "question": 10,
      "text": "Nationalsozialistische Deutsche Arbeiterpartei (NSDAP)",
      "is_correct": false
   }
},
{
   "model": "quiz.choice",
   "pk": 30,
   "fields": {
      "create_timestamp": "2022-11-22T14:55:48.261Z",
      "update_timestamp": "2022-11-22T14:55:48.261Z",
      "question": 10,
      "text": "Red Cross",
      "is_correct": true
   }
},
{
   "model": "quiz.choice",
   "pk": 31,
   "fields": {
      "create_timestamp": "2022-11-22T14:55:48.262Z",
      "update_timestamp": "2022-11-22T14:55:48.262Z",
      "question": 10,
      "text": "Partito Nazionale Fascista(PNF)",
      "is_correct": false
   }
},
{
   "model": "quiz.choice",
   "pk": 32,
   "fields": {
      "create_timestamp": "2022-11-22T14:55:48.262Z",
      "update_timestamp": "2022-11-22T14:55:48.262Z",
      "question": 10,
      "text": "Party of Regions",
      "is_correct": false
   }
},
{
   "model": "quiz.choice",
   "pk": 33,
   "fields": {
      "create_timestamp": "2022-11-22T14:56:10.880Z",
      "update_timestamp": "2022-11-22T14:56:10.881Z",
      "question": 9,
      "text": "Morocco",
      "is_correct": false
   }
},
{
   "model": "quiz.choice",
   "pk": 34,
   "fields": {
      "create_timestamp": "2022-11-22T14:56:10.881Z",
      "update_timestamp": "2022-11-22T14:56:10.881Z",
      "question": 9,
      "text": "England",
      "is_correct": false
   }
},
{
   "model": "quiz.choice",
   "pk": 35,
   "fields": {
      "create_timestamp": "2022-11-22T14:56:10.881Z",
      "update_timestamp": "2022-11-22T14:56:10.881Z",
      "question": 9,
      "text": "Netherlands",
      "is_correct": false
   }
},
{
   "model": "quiz.choice",
   "pk": 36,
   "fields": {
      "create_timestamp": "2022-11-22T14:56:10.882Z",
      "update_timestamp": "2022-11-22T14:56:10.882Z",
      "question": 9,
      "text": "Denmark",
      "is_correct": true
   }
},
{
   "model": "quiz.choice",
   "pk": 37,
   "fields": {
      "create_timestamp": "2022-11-22T14:57:15.561Z",
      "update_timestamp": "2022-11-22T14:57:15.561Z",
      "question": 8,
      "text": "Tigris",
      "is_correct": false
   }
},
{
   "model": "quiz.choice",
   "pk": 38,
   "fields": {
      "create_timestamp": "2022-11-22T14:57:15.561Z",
      "update_timestamp": "2022-11-22T14:57:15.561Z",
      "question": 8,
      "text": "Euphrates",
      "is_correct": false
   }
},
{
   "model": "quiz.choice",
   "pk": 39,
   "fields": {
      "create_timestamp": "2022-11-22T14:57:15.562Z",
      "update_timestamp": "2022-11-22T14:57:15.562Z",
      "question": 8,
      "text": "Iraq",
      "is_correct": false
   }
},
{
   "model": "quiz.choice",
   "pk": 40,
   "fields": {
      "create_timestamp": "2022-11-22T14:57:15.562Z",
      "update_timestamp": "2022-11-22T14:57:15.562Z",
      "question": 8,
      "text": "Babylon",
      "is_correct": true
   }
},
{
   "model": "quiz.choice",
   "pk": 41,
   "fields": {
      "create_timestamp": "2022-11-22T14:58:34.252Z",
      "update_timestamp": "2022-11-22T14:58:34.252Z",
      "question": 7,
      "text": "1988",
      "is_correct": false
   }
},
{
   "model": "quiz.choice",
   "pk": 42,
   "fields": {
      "create_timestamp": "2022-11-22T14:58:34.253Z",
      "update_timestamp": "2022-11-22T14:58:34.253Z",
      "question": 7,
      "text": "2010",
      "is_correct": false
   }
},
{
   "model": "quiz.choice",
   "pk": 43,
   "fields": {
      "create_timestamp": "2022-11-22T14:58:34.253Z",
      "update_timestamp": "2022-11-22T14:58:34.253Z",
      "question": 7,
      "text": "1969",
      "is_correct": false
   }
},
{
   "model": "quiz.choice",
   "pk": 44,
   "fields": {
      "create_timestamp": "2022-11-22T14:58:34.253Z",
      "update_timestamp": "2022-11-22T14:58:34.253Z",
      "question": 7,
      "text": "1967",
      "is_correct": false
   }
},
{
   "model": "quiz.choice",
   "pk": 45,
   "fields": {
      "create_timestamp": "2022-11-22T14:58:34.254Z",
      "update_timestamp": "2022-11-22T14:58:34.254Z",
      "question": 7,
      "text": "No right answer",
      "is_correct": true
   }
},
{
   "model": "quiz.choice",
   "pk": 46,
   "fields": {
      "create_timestamp": "2022-11-22T15:17:58.545Z",
      "update_timestamp": "2022-11-22T15:17:58.545Z",
      "question": 23,
      "text": "Hannibal Lecter",
      "is_correct": true
   }
},
{
   "model": "quiz.choice",
   "pk": 47,
   "fields": {
      "create_timestamp": "2022-11-22T15:17:58.545Z",
      "update_timestamp": "2022-11-22T15:17:58.545Z",
      "question": 23,
      "text": "Anakin Skywalker",
      "is_correct": false
   }
},
{
   "model": "quiz.choice",
   "pk": 48,
   "fields": {
      "create_timestamp": "2022-11-22T15:17:58.545Z",
      "update_timestamp": "2022-11-22T15:17:58.545Z",
      "question": 23,
      "text": "Tom Hanks",
      "is_correct": false
   }
},
{
   "model": "quiz.choice",
   "pk": 49,
   "fields": {
      "create_timestamp": "2022-11-22T15:17:58.546Z",
      "update_timestamp": "2022-11-22T15:17:58.546Z",
      "question": 23,
      "text": "Freddie",
      "is_correct": false
   }
},
{
   "model": "quiz.choice",
   "pk": 50,
   "fields": {
      "create_timestamp": "2022-11-22T15:19:19.738Z",
      "update_timestamp": "2022-11-22T15:19:19.738Z",
      "question": 22,
      "text": "Star Wars III Episode",
      "is_correct": false
   }
},
{
   "model": "quiz.choice",
   "pk": 51,
   "fields": {
      "create_timestamp": "2022-11-22T15:19:19.739Z",
      "update_timestamp": "2022-11-22T15:19:19.739Z",
      "question": 22,
      "text": "Zodiac",
      "is_correct": false
   }
},
{
   "model": "quiz.choice",
   "pk": 52,
   "fields": {
      "create_timestamp": "2022-11-22T15:19:19.739Z",
      "update_timestamp": "2022-11-22T15:19:19.739Z",
      "question": 22,
      "text": "The Room",
      "is_correct": true
   }
},
{
   "model": "quiz.choice",
   "pk": 53,
   "fields": {
      "create_timestamp": "2022-11-22T15:19:19.739Z",
      "update_timestamp": "2022-11-22T15:19:19.739Z",
      "question": 22,
      "text": "The Disaster Artist",
      "is_correct": true
   }
},
{
   "model": "quiz.choice",
   "pk": 54,
   "fields": {
      "create_timestamp": "2022-11-22T15:22:15.620Z",
      "update_timestamp": "2022-11-22T15:22:15.620Z",
      "question": 21,
      "text": "Daniel Michael Blake Day-Lewis",
      "is_correct": true
   }
},
{
   "model": "quiz.choice",
   "pk": 55,
   "fields": {
      "create_timestamp": "2022-11-22T15:22:15.620Z",
      "update_timestamp": "2022-11-22T15:22:15.620Z",
      "question": 21,
      "text": "Jack Nicholson",
      "is_correct": false
   }
},
{
   "model": "quiz.choice",
   "pk": 56,
   "fields": {
      "create_timestamp": "2022-11-22T15:22:15.620Z",
      "update_timestamp": "2022-11-22T15:22:15.620Z",
      "question": 21,
      "text": "Jim Carrey",
      "is_correct": false
   }
},
{
   "model": "quiz.choice",
   "pk": 57,
   "fields": {
      "create_timestamp": "2022-11-22T15:22:15.621Z",
      "update_timestamp": "2022-11-22T15:22:15.621Z",
      "question": 21,
      "text": "Frances Louise McDormand",
      "is_correct": true
   }
},
{
   "model": "quiz.choice",
   "pk": 58,
   "fields": {
      "create_timestamp": "2022-11-22T15:22:15.621Z",
      "update_timestamp": "2022-11-22T15:22:15.621Z",
      "question": 21,
      "text": "Mary Louise «Meryl» Streep",
      "is_correct": false
   }
},
{
   "model": "quiz.choice",
   "pk": 59,
   "fields": {
      "create_timestamp": "2022-11-22T15:22:37.987Z",
      "update_timestamp": "2022-11-22T15:22:37.987Z",
      "question": 20,
      "text": "12",
      "is_correct": false
   }
},
{
   "model": "quiz.choice",
   "pk": 60,
   "fields": {
      "create_timestamp": "2022-11-22T15:22:37.988Z",
      "update_timestamp": "2022-11-22T15:22:37.988Z",
      "question": 20,
      "text": "24",
      "is_correct": false
   }
},
{
   "model": "quiz.choice",
   "pk": 61,
   "fields": {
      "create_timestamp": "2022-11-22T15:22:37.988Z",
      "update_timestamp": "2022-11-22T15:22:37.988Z",
      "question": 20,
      "text": "26",
      "is_correct": true
   }
},
{
   "model": "quiz.choice",
   "pk": 62,
   "fields": {
      "create_timestamp": "2022-11-22T15:22:37.988Z",
      "update_timestamp": "2022-11-22T15:22:37.988Z",
      "question": 20,
      "text": "81",
      "is_correct": false
   }
},
{
   "model": "quiz.choice",
   "pk": 63,
   "fields": {
      "create_timestamp": "2022-11-22T15:23:30.385Z",
      "update_timestamp": "2022-11-22T15:23:30.385Z",
      "question": 19,
      "text": "Prometheus",
      "is_correct": true
   }
},
{
   "model": "quiz.choice",
   "pk": 64,
   "fields": {
      "create_timestamp": "2022-11-22T15:23:30.385Z",
      "update_timestamp": "2022-11-22T15:23:30.385Z",
      "question": 19,
      "text": "Aliens",
      "is_correct": false
   }
},
{
   "model": "quiz.choice",
   "pk": 65,
   "fields": {
      "create_timestamp": "2022-11-22T15:23:30.385Z",
      "update_timestamp": "2022-11-22T15:23:30.385Z",
      "question": 19,
      "text": "La-La-Land",
      "is_correct": false
   }
},
{
   "model": "quiz.choice",
   "pk": 66,
   "fields": {
      "create_timestamp": "2022-11-22T15:23:30.385Z",
      "update_timestamp": "2022-11-22T15:23:30.385Z",
      "question": 19,
      "text": "The Room",
      "is_correct": false
   }
},
{
   "model": "quiz.choice",
   "pk": 67,
   "fields": {
      "create_timestamp": "2022-11-22T15:27:32.679Z",
      "update_timestamp": "2022-11-22T15:27:32.679Z",
      "question": 18,
      "text": "2012",
      "is_correct": false
   }
},
{
   "model": "quiz.choice",
   "pk": 68,
   "fields": {
      "create_timestamp": "2022-11-22T15:27:32.679Z",
      "update_timestamp": "2022-11-22T15:27:32.679Z",
      "question": 18,
      "text": "Avatar",
      "is_correct": true
   }
},
{
   "model": "quiz.choice",
   "pk": 69,
   "fields": {
      "create_timestamp": "2022-11-22T15:27:32.680Z",
      "update_timestamp": "2022-11-22T15:27:32.680Z",
      "question": 18,
      "text": "Top Gun: Maverick",
      "is_correct": false
   }
},
{
   "model": "quiz.choice",
   "pk": 70,
   "fields": {
      "create_timestamp": "2022-11-22T15:27:32.680Z",
      "update_timestamp": "2022-11-22T15:27:32.680Z",
      "question": 18,
      "text": "007: Spectre",
      "is_correct": false
   }
},
{
   "model": "quiz.choice",
   "pk": 71,
   "fields": {
      "create_timestamp": "2022-11-22T15:27:32.680Z",
      "update_timestamp": "2022-11-22T15:27:32.680Z",
      "question": 18,
      "text": "Captain Marvel",
      "is_correct": false
   }
},
{
   "model": "quiz.choice",
   "pk": 72,
   "fields": {
      "create_timestamp": "2022-11-22T15:27:32.680Z",
      "update_timestamp": "2022-11-22T15:27:32.680Z",
      "question": 18,
      "text": "Black Panther",
      "is_correct": false
   }
},
{
   "model": "quiz.choice",
   "pk": 73,
   "fields": {
      "create_timestamp": "2022-11-22T15:27:32.681Z",
      "update_timestamp": "2022-11-22T15:27:32.681Z",
      "question": 18,
      "text": "Avengers: Endgame",
      "is_correct": true
   }
},
{
   "model": "quiz.choice",
   "pk": 74,
   "fields": {
      "create_timestamp": "2022-11-22T15:27:32.681Z",
      "update_timestamp": "2022-11-22T15:27:32.681Z",
      "question": 18,
      "text": "Titanic",
      "is_correct": true
   }
},
{
   "model": "quiz.choice",
   "pk": 75,
   "fields": {
      "create_timestamp": "2022-11-22T15:27:32.681Z",
      "update_timestamp": "2022-11-22T15:27:32.681Z",
      "question": 18,
      "text": "Star Wars: The Force Awakens",
      "is_correct": true
   }
},
{
   "model": "quiz.choice",
   "pk": 76,
   "fields": {
      "create_timestamp": "2022-11-22T15:29:23.995Z",
      "update_timestamp": "2022-11-22T15:29:23.995Z",
      "question": 17,
      "text": "Quentin Quantorino",
      "is_correct": false
   }
},
{
   "model": "quiz.choice",
   "pk": 77,
   "fields": {
      "create_timestamp": "2022-11-22T15:29:23.995Z",
      "update_timestamp": "2022-11-22T15:29:23.995Z",
      "question": 17,
      "text": "Quentin Tarantino",
      "is_correct": true
   }
},
{
   "model": "quiz.choice",
   "pk": 78,
   "fields": {
      "create_timestamp": "2022-11-22T15:29:23.995Z",
      "update_timestamp": "2022-11-22T15:29:23.995Z",
      "question": 17,
      "text": "Quentin Chippolino",
      "is_correct": false
   }
},
{
   "model": "quiz.choice",
   "pk": 79,
   "fields": {
      "create_timestamp": "2022-11-22T15:29:23.996Z",
      "update_timestamp": "2022-11-22T15:29:23.996Z",
      "question": 17,
      "text": "Quentin Cocolino",
      "is_correct": false
   }
},
{
   "model": "quiz.choice",
   "pk": 80,
   "fields": {
      "create_timestamp": "2022-11-22T15:31:58.747Z",
      "update_timestamp": "2022-11-22T15:31:58.747Z",
      "question": 16,
      "text": "Til Schweiger",
      "is_correct": false
   }
},
{
   "model": "quiz.choice",
   "pk": 81,
   "fields": {
      "create_timestamp": "2022-11-22T15:31:58.748Z",
      "update_timestamp": "2022-11-22T15:31:58.748Z",
      "question": 16,
      "text": "Michael Fassbender",
      "is_correct": false
   }
},
{
   "model": "quiz.choice",
   "pk": 82,
   "fields": {
      "create_timestamp": "2022-11-22T15:31:58.748Z",
      "update_timestamp": "2022-11-22T15:31:58.748Z",
      "question": 16,
      "text": "Brad Pitt",
      "is_correct": false
   }
},
{
   "model": "quiz.choice",
   "pk": 83,
   "fields": {
      "create_timestamp": "2022-11-22T15:31:58.748Z",
      "update_timestamp": "2022-11-22T15:31:58.748Z",
      "question": 16,
      "text": "Diane Kruger",
      "is_correct": false
   }
},
{
   "model": "quiz.choice",
   "pk": 84,
   "fields": {
      "create_timestamp": "2022-11-22T15:31:58.748Z",
      "update_timestamp": "2022-11-22T15:31:58.748Z",
      "question": 16,
      "text": "Christoph Waltz",
      "is_correct": true
   }
},
{
   "model": "quiz.choice",
   "pk": 85,
   "fields": {
      "create_timestamp": "2022-11-22T15:31:58.748Z",
      "update_timestamp": "2022-11-22T15:31:58.748Z",
      "question": 16,
      "text": "Mélanie Laurent",
      "is_correct": false
   }
},
{
   "model": "quiz.choice",
   "pk": 86,
   "fields": {
      "create_timestamp": "2022-11-22T15:31:58.748Z",
      "update_timestamp": "2022-11-22T15:31:58.748Z",
      "question": 16,
      "text": "Quentin Tarantino",
      "is_correct": false
   }
},
{
   "model": "quiz.choice",
   "pk": 87,
   "fields": {
      "create_timestamp": "2022-11-22T15:31:58.749Z",
      "update_timestamp": "2022-11-22T15:31:58.749Z",
      "question": 16,
      "text": "Michael Corleone",
      "is_correct": false
   }
},
{
   "model": "quiz.choice",
   "pk": 88,
   "fields": {
      "create_timestamp": "2022-11-22T15:33:26.162Z",
      "update_timestamp": "2022-11-22T15:33:26.162Z",
      "question": 15,
      "text": "Alien",
      "is_correct": false
   }
},
{
   "model": "quiz.choice",
   "pk": 89,
   "fields": {
      "create_timestamp": "2022-11-22T15:33:26.163Z",
      "update_timestamp": "2022-11-22T15:33:26.163Z",
      "question": 15,
      "text": "Star Wars ! Episode",
      "is_correct": false
   }
},
{
   "model": "quiz.choice",
   "pk": 90,
   "fields": {
      "create_timestamp": "2022-11-22T15:33:26.163Z",
      "update_timestamp": "2022-11-22T15:33:26.163Z",
      "question": 15,
      "text": "Fight Club",
      "is_correct": true
   }
},
{
   "model": "quiz.choice",
   "pk": 91,
   "fields": {
      "create_timestamp": "2022-11-22T15:33:26.163Z",
      "update_timestamp": "2022-11-22T15:33:26.163Z",
      "question": 15,
      "text": "Troy",
      "is_correct": false
   }
},
{
   "model": "quiz.choice",
   "pk": 92,
   "fields": {
      "create_timestamp": "2022-11-22T15:33:26.163Z",
      "update_timestamp": "2022-11-22T15:33:26.163Z",
      "question": 15,
      "text": "Hannibal",
      "is_correct": false
   }
},
{
   "model": "quiz.choice",
   "pk": 93,
   "fields": {
      "create_timestamp": "2022-11-22T15:33:26.163Z",
      "update_timestamp": "2022-11-22T15:33:26.163Z",
      "question": 15,
      "text": "Toy Story",
      "is_correct": false
   }
},
{
   "model": "quiz.choice",
   "pk": 94,
   "fields": {
      "create_timestamp": "2022-11-22T15:34:52.486Z",
      "update_timestamp": "2022-11-22T15:34:52.486Z",
      "question": 14,
      "text": "Grease",
      "is_correct": false
   }
},
{
   "model": "quiz.choice",
   "pk": 95,
   "fields": {
      "create_timestamp": "2022-11-22T15:34:52.486Z",
      "update_timestamp": "2022-11-22T15:34:52.486Z",
      "question": 14,
      "text": "Face/Off",
      "is_correct": false
   }
},
{
   "model": "quiz.choice",
   "pk": 96,
   "fields": {
      "create_timestamp": "2022-11-22T15:34:52.487Z",
      "update_timestamp": "2022-11-22T15:34:52.487Z",
      "question": 14,
      "text": "Shout",
      "is_correct": false
   }
},
{
   "model": "quiz.choice",
   "pk": 97,
   "fields": {
      "create_timestamp": "2022-11-22T15:34:52.487Z",
      "update_timestamp": "2022-11-22T15:34:52.487Z",
      "question": 14,
      "text": "Pulp Fiction",
      "is_correct": true
   }
}
]
